graduate,sex,college,salary,degree,graddate
1,F,Engineering,28900,Bachelor,1
2,F,Engineering,28000,Bachelor,1
3,F,Agriculture,27500,Bachelor,1
4,F,Engineering,30300,Bachelor,1
5,F,Agriculture,18000,Bachelor,1
6,M,Engineering,31700,Bachelor,1
7,F,Building_Construction,26000,Bachelor,1
8,F,Engineering,25000,Bachelor,1
9,M,Agriculture,20000,Bachelor,1
10,F,Agriculture,18000,Bachelor,1
11,F,Business Admin,23000,Bachelor,1
12,F,Business Admin,27600,Bachelor,1
13,F,Engineering,32700,Bachelor,1
14,M,Agriculture,21500,Bachelor,1
15,F,Agriculture,25000,Bachelor,1
16,M,Business Admin,18000,Bachelor,1
17,F,Engineering,38400,Bachelor,1
18,M,Agriculture,26500,Bachelor,1
19,M,Agriculture,26500,Bachelor,1
20,M,Agriculture,31000,Bachelor,1
21,F,Engineering,29000,Bachelor,1
22,F,Engineering,32000,Bachelor,1
23,F,Engineering,33500,Bachelor,1
24,F,Engineering,27000,Bachelor,1
25,M,Agriculture,29000,Bachelor,1
26,F,Business Admin,19000,Bachelor,1
27,M,Fine Arts,20900,Bachelor,1
28,M,Agriculture,29000,Bachelor,1
29,M,Agriculture,35300,Bachelor,1
30,M,Agriculture,24200,Bachelor,1
31,F,Building_Construction,41000,Bachelor,1
32,F,Engineering,36300,Bachelor,1
33,M,Education,23000,Bachelor,1
34,F,Business Admin,25000,Bachelor,1
35,F,Business Admin,18200,Bachelor,1
36,F,Engineering,25400,Bachelor,1
37,F,Agriculture,24000,Bachelor,1
38,M,Agriculture,20000,Bachelor,1
39,M,Business Admin,22000,Bachelor,1
40,M,Engineering,32000,Bachelor,1
41,F,Engineering,28200,Bachelor,1
42,F,Agriculture,15000,Bachelor,1
43,M,Agriculture,27000,Bachelor,1
44,F,Business Admin,30000,Bachelor,1
45,M,Business Admin,18800,Bachelor,1
46,M,Business Admin,21500,Bachelor,1
47,F,Building_Construction,23000,Bachelor,1
48,M,Engineering,25500,Bachelor,1
49,F,Business Admin,25000,Bachelor,1
50,M,Agriculture,13500,Bachelor,1
51,F,Business Admin,23600,Bachelor,1
52,M,Business Admin,19000,Bachelor,1
53,F,Engineering,30600,Bachelor,1
54,F,Agriculture,27500,Bachelor,1
55,M,Agriculture,26300,Bachelor,1
56,M,Business Admin,30000,Bachelor,1
57,F,Business Admin,24000,Bachelor,1
58,F,Engineering,28000,Bachelor,1
59,F,Engineering,27100,Bachelor,1
60,F,Engineering,26400,Bachelor,1
61,M,Agriculture,15000,Bachelor,1
62,M,Agriculture,25000,Bachelor,1
63,F,Agriculture,27000,Bachelor,1
64,F,Business Admin,24500,Bachelor,1
65,M,Business Admin,24500,Bachelor,1
66,F,Agriculture,18300,Bachelor,1
67,F,Engineering,24500,Bachelor,1
68,F,Engineering,30100,Bachelor,1
69,M,Business Admin,25800,Bachelor,1
70,F,Building_Construction,27300,Bachelor,1
71,M,Business Admin,19000,Bachelor,1
72,F,Business Admin,26500,Bachelor,1
73,F,Engineering,32000,Bachelor,1
74,F,Agriculture,20000,Bachelor,1
75,F,Business Admin,12500,Bachelor,1
76,M,Agriculture,16000,Bachelor,1
77,M,Agriculture,31600,Bachelor,1
78,F,Building_Construction,30000,Bachelor,1
79,F,Engineering,30600,Bachelor,1
80,F,Engineering,31800,Bachelor,1
81,M,Business Admin,19000,Bachelor,1
82,M,Business Admin,22500,Bachelor,1
83,M,Business Admin,13000,Bachelor,1
84,F,Agriculture,17000,Bachelor,1
85,M,Agriculture,30400,Bachelor,1
86,F,Building_Construction,28500,Bachelor,1
87,F,Business Admin,23000,Bachelor,1
88,F,Business Admin,25000,Bachelor,1
89,F,Business Admin,28000,Bachelor,1
90,M,Education,35000,Bachelor,1
91,F,Building_Construction,28600,Bachelor,1
92,M,Forestry,14500,Bachelor,1
93,F,Business Admin,23600,Bachelor,1
94,F,Agriculture,32000,Bachelor,1
95,F,Engineering,28400,Bachelor,1
96,F,Engineering,31700,Bachelor,1
97,M,Agriculture,32000,Bachelor,1
98,M,Agriculture,20000,Bachelor,1
99,F,Engineering,32400,Bachelor,1
100,M,Business Admin,19500,Bachelor,1
101,F,Engineering,30000,Bachelor,1
102,F,Business Admin,25000,Bachelor,1
103,F,Agriculture,29000,Bachelor,1
104,F,Architecture,23000,Bachelor,1
105,F,Building_Construction,28500,Bachelor,1
106,F,Engineering,34300,Bachelor,1
107,M,Engineering,26000,Bachelor,1
108,F,Agriculture,17000,Bachelor,1
109,F,Engineering,31000,Bachelor,1
110,M,Agriculture,18700,Bachelor,1
111,M,Agriculture,17000,Bachelor,1
112,M,Engineering,32300,Bachelor,1
113,F,Building_Construction,23000,Bachelor,1
114,M,Agriculture,16000,Bachelor,1
115,F,Business Admin,27500,Bachelor,1
116,M,Agriculture,23800,Bachelor,1
117,F,Engineering,36000,Bachelor,1
118,F,Agriculture,17400,Bachelor,1
119,F,Engineering,22000,Bachelor,1
120,F,Business Admin,23500,Bachelor,1
121,F,Engineering,35000,Bachelor,1
122,F,Engineering,32600,Bachelor,1
123,F,Engineering,25300,Bachelor,1
124,F,Engineering,23000,Bachelor,1
125,F,Education,19800,Bachelor,1
126,F,Business Admin,28500,Bachelor,1
127,F,Agriculture,18000,Bachelor,1
128,F,Business Admin,27000,Bachelor,1
129,M,Agriculture,22000,Bachelor,1
130,M,Agriculture,24700,Bachelor,1
131,M,Engineering,35400,Bachelor,1
132,F,Engineering,33600,Bachelor,1
133,M,Agriculture,19500,Bachelor,1
134,F,Building_Construction,26000,Bachelor,1
135,F,Agriculture,25000,Bachelor,1
136,F,Business Admin,27000,Bachelor,1
137,F,Business Admin,23500,Bachelor,1
138,F,Agriculture,15000,Bachelor,1
139,M,Agriculture,11000,Bachelor,1
140,F,Agriculture,27000,Bachelor,1
141,F,Engineering,25500,Bachelor,1
142,F,Business Admin,23000,Bachelor,1
143,M,Business Admin,23000,Bachelor,1
144,F,Engineering,30800,Bachelor,1
145,F,Forestry,23500,Bachelor,1
146,F,Architecture,22000,Bachelor,1
147,M,Business Admin,23000,Bachelor,1
148,F,Agriculture,16500,Bachelor,1
149,F,Agriculture,22100,Bachelor,1
150,F,Engineering,36300,Bachelor,1
151,F,Agriculture,21600,Bachelor,1
152,M,Engineering,33600,Bachelor,1
153,F,Engineering,32600,Bachelor,1
154,M,Agriculture,14600,Bachelor,1
155,F,Business Admin,23000,Bachelor,1
156,F,Building_Construction,30000,Bachelor,1
157,M,Agriculture,24000,Bachelor,1
158,M,Agriculture,30800,Bachelor,1
159,F,Business Admin,32000,Bachelor,1
160,M,Business Admin,20000,Bachelor,1
161,F,Engineering,32000,Bachelor,1
162,F,Business Admin,19500,Bachelor,1
163,F,Business Admin,26000,Bachelor,1
164,M,Agriculture,21000,Bachelor,1
165,F,Business Admin,22500,Bachelor,1
166,M,Business Admin,20000,Bachelor,1
167,M,Engineering,30600,Bachelor,1
168,F,Engineering,37200,Bachelor,1
169,F,Agriculture,19000,Bachelor,1
170,F,Engineering,34000,Bachelor,1
171,F,Agriculture,20100,Bachelor,1
172,F,Engineering,33000,Bachelor,1
173,F,Agriculture,14400,Bachelor,1
174,F,Engineering,20000,Bachelor,1
175,F,Business Admin,21000,Bachelor,1
176,F,Engineering,31700,Bachelor,1
177,M,Business Admin,23000,Bachelor,1
178,M,Agriculture,17000,Bachelor,1
179,M,Engineering,29500,Bachelor,1
180,M,Business Admin,28500,Bachelor,1
181,F,Building_Construction,27600,Bachelor,1
182,M,Architecture,25000,Bachelor,1
183,F,Business Admin,25000,Bachelor,1
184,M,Business Admin,25500,Bachelor,1
185,F,Agriculture,21000,Bachelor,1
186,F,Agriculture,24000,Bachelor,1
187,M,Agriculture,30200,Bachelor,1
188,M,Engineering,32000,Bachelor,1
189,F,Business Admin,20000,Bachelor,1
190,F,Engineering,35000,Bachelor,1
191,F,Agriculture,21000,Bachelor,1
192,F,Agriculture,22000,Bachelor,1
193,F,Engineering,34000,Bachelor,1
194,M,Agriculture,20000,Bachelor,1
195,M,Engineering,8500,Bachelor,1
196,F,Agriculture,15000,Bachelor,1
197,F,Building_Construction,29100,Bachelor,1
198,M,Business Admin,26000,Bachelor,1
199,F,Business Admin,28500,Bachelor,1
200,F,Engineering,33600,Bachelor,1
201,F,Building_Construction,27000,Bachelor,1
202,F,Business Admin,29000,Bachelor,1
203,M,Business Admin,27600,Bachelor,1
204,F,Building_Construction,21000,Bachelor,1
205,F,Business Admin,28500,Bachelor,1
206,M,Business Admin,23000,Bachelor,1
207,F,Building_Construction,26000,Bachelor,1
208,F,Business Admin,43000,Bachelor,1
209,M,Agriculture,19000,Bachelor,1
210,F,Engineering,33500,Bachelor,1
211,F,Engineering,32000,Bachelor,1
212,M,Agriculture,30400,Bachelor,1
213,M,Agriculture,21500,Bachelor,1
214,M,Agriculture,9000,Bachelor,1
215,F,Agriculture,29000,Bachelor,1
216,F,Business Admin,25025,Bachelor,1
217,F,Engineering,31000,Bachelor,1
218,F,Business Admin,26000,Bachelor,1
219,M,Agriculture,22100,Bachelor,1
220,F,Business Admin,18000,Bachelor,1
221,M,Business Admin,26000,Bachelor,1
222,F,Business Admin,25000,Bachelor,1
223,F,Agriculture,24000,Bachelor,1
224,M,Agriculture,17000,Bachelor,1
225,M,Engineering,26800,Bachelor,1
226,F,Agriculture,21000,Bachelor,1
227,M,Engineering,25500,Bachelor,1
228,F,Engineering,26500,Bachelor,1
229,M,Engineering,32100,Bachelor,1
230,M,Agriculture,26000,Bachelor,1
231,M,Agriculture,18500,Bachelor,1
232,M,Engineering,35500,Bachelor,1
233,F,Business Admin,29000,Bachelor,1
234,F,Business Admin,28000,Bachelor,1
235,F,Engineering,44000,Bachelor,1
236,F,Engineering,31200,Bachelor,1
237,F,Business Admin,20800,Bachelor,1
238,F,Agriculture,30100,Bachelor,1
239,M,Business Admin,22500,Bachelor,1
240,F,Agriculture,28700,Bachelor,1
241,M,Agriculture,15600,Bachelor,1
242,M,Agriculture,12000,Bachelor,1
243,M,Business Admin,20000,Bachelor,1
244,F,Engineering,32000,Bachelor,1
245,F,Business Admin,22000,Bachelor,1
246,M,Engineering,34000,Bachelor,1
247,M,Education,22000,Bachelor,1
248,F,Business Admin,22500,Bachelor,1
249,M,Business Admin,23000,Bachelor,1
250,F,Business Admin,25900,Bachelor,1
251,F,Business Admin,25000,Bachelor,1
252,F,Business Admin,22000,Bachelor,1
253,F,Engineering,28300,Bachelor,1
254,F,Agriculture,22500,Bachelor,1
255,F,Business Admin,22000,Bachelor,1
256,F,Business Admin,19000,Bachelor,1
257,M,Agriculture,22500,Bachelor,1
258,F,Business Admin,22000,Bachelor,1
259,M,Agriculture,22000,Bachelor,2
260,F,Building_Construction,27500,Bachelor,2
261,F,Agriculture,20000,Bachelor,2
262,F,Business Admin,35000,Bachelor,2
263,F,Engineering,21100,Bachelor,2
264,M,Engineering,28500,Bachelor,2
265,F,Agriculture,16300,Bachelor,2
266,F,Engineering,27400,Bachelor,2
267,M,Agriculture,24000,Bachelor,2
268,F,Engineering,36600,Bachelor,2
269,F,Agriculture,19200,Bachelor,2
270,M,Agriculture,20000,Bachelor,2
271,M,Agriculture,45000,Bachelor,2
272,M,Building_Construction,26400,Bachelor,2
273,M,Agriculture,24700,Bachelor,2
274,F,Engineering,28000,Bachelor,2
275,F,Business Admin,15000,Bachelor,2
276,M,Agriculture,44000,Bachelor,2
277,F,Agriculture,16000,Bachelor,2
278,M,Business Admin,28800,Bachelor,2
279,M,Agriculture,28000,Bachelor,2
280,F,Business Admin,29000,Bachelor,2
281,M,Business Admin,29500,Bachelor,2
282,F,Engineering,38500,Bachelor,2
283,M,Agriculture,25000,Bachelor,2
284,M,Engineering,36200,Bachelor,2
285,F,Business Admin,21000,Bachelor,2
286,M,Business Admin,32500,Bachelor,2
287,F,Engineering,31800,Bachelor,2
288,F,Building_Construction,27100,Bachelor,2
289,F,Agriculture,10000,Bachelor,2
290,F,Engineering,32200,Bachelor,2
291,M,Business Admin,28000,Bachelor,2
292,M,Business Admin,20000,Bachelor,2
293,F,Business Admin,21500,Bachelor,2
294,F,Business Admin,22000,Bachelor,2
295,F,Agriculture,24000,Bachelor,2
296,F,Business Admin,29000,Bachelor,2
297,M,Business Admin,40000,Bachelor,2
298,F,Business Admin,21000,Bachelor,2
299,F,Business Admin,40000,Bachelor,2
300,F,Engineering,33000,Bachelor,2
301,F,Engineering,25600,Bachelor,2
302,F,Engineering,33000,Bachelor,2
303,F,Business Admin,24000,Bachelor,2
304,M,Agriculture,27600,Bachelor,2
305,M,Business Admin,29000,Bachelor,2
306,M,Agriculture,29900,Bachelor,2
307,F,Business Admin,20000,Bachelor,2
308,M,Agriculture,18000,Bachelor,2
309,F,Business Admin,22000,Bachelor,2
310,F,Engineering,33000,Bachelor,2
311,M,Agriculture,23000,Bachelor,2
312,M,Agriculture,27300,Bachelor,2
313,M,Business Admin,23000,Bachelor,2
314,M,Business Admin,28000,Bachelor,2
315,M,Agriculture,25000,Bachelor,2
316,F,Business Admin,13000,Bachelor,2
317,M,Business Admin,20000,Bachelor,2
318,F,Engineering,30000,Bachelor,2
319,F,Engineering,33200,Bachelor,2
320,M,Business Admin,24000,Bachelor,2
321,M,Agriculture,22000,Bachelor,2
322,F,Business Admin,25000,Bachelor,2
323,F,Engineering,29100,Bachelor,2
324,F,Business Admin,27600,Bachelor,2
325,F,Engineering,30600,Bachelor,2
326,F,Business Admin,24000,Bachelor,2
327,F,Agriculture,47000,Bachelor,2
328,F,Engineering,25000,Bachelor,2
329,F,Building_Construction,28000,Bachelor,2
330,M,Agriculture,27000,Bachelor,2
331,F,Engineering,35000,Bachelor,2
332,M,Business Admin,26000,Bachelor,2
333,M,Agriculture,24600,Bachelor,2
334,M,Agriculture,17000,Bachelor,2
335,F,Business Admin,28500,Bachelor,2
336,M,Agriculture,22000,Bachelor,2
337,F,Engineering,32000,Bachelor,2
338,M,Engineering,30000,Bachelor,2
339,F,Agriculture,25500,Bachelor,2
340,M,Business Admin,19000,Bachelor,2
341,F,Engineering,12000,Bachelor,2
342,M,Agriculture,12600,Bachelor,2
343,M,Education,25500,Bachelor,2
344,F,Engineering,26300,Bachelor,2
345,M,Business Admin,21000,Bachelor,2
346,F,Engineering,31000,Bachelor,2
347,M,Agriculture,25000,Bachelor,2
348,F,Business Admin,30000,Bachelor,2
349,F,Engineering,26400,Bachelor,2
350,F,Engineering,31500,Bachelor,2
351,F,Engineering,32400,Bachelor,2
352,F,Business Admin,24000,Bachelor,2
353,F,Agriculture,24000,Bachelor,2
354,F,Engineering,33600,Bachelor,2
355,M,Agriculture,20000,Bachelor,2
356,F,Building_Construction,28000,Bachelor,2
357,F,Agriculture,25200,Bachelor,2
358,F,Agriculture,20000,Bachelor,2
359,F,Agriculture,23000,Bachelor,2
360,F,Engineering,31500,Bachelor,2
361,M,Business Admin,27500,Bachelor,2
362,F,Engineering,35400,Bachelor,2
363,M,Business Admin,28000,Bachelor,2
364,F,Building_Construction,24500,Bachelor,2
365,F,Engineering,33800,Bachelor,2
366,M,Business Admin,27000,Bachelor,2
367,F,Engineering,30600,Bachelor,2
368,F,Engineering,34200,Bachelor,2
369,F,Building_Construction,28000,Bachelor,2
370,F,Engineering,30900,Bachelor,2
371,M,Agriculture,31200,Bachelor,2
372,F,Engineering,31200,Bachelor,2
373,M,Agriculture,24000,Bachelor,2
374,F,Engineering,35200,Bachelor,2
375,F,Engineering,26300,Bachelor,2
376,M,Engineering,33000,Bachelor,2
377,M,Business Admin,25000,Bachelor,2
378,M,Engineering,34800,Bachelor,2
379,F,Agriculture,19500,Bachelor,2
380,F,Agriculture,28000,Bachelor,2
381,M,Building_Construction,30000,Bachelor,2
382,F,Engineering,32100,Bachelor,2
383,F,Engineering,32400,Bachelor,2
384,F,Business Admin,23000,Bachelor,2
385,F,Agriculture,17000,Bachelor,2
386,M,Agriculture,30000,Bachelor,2
387,F,Agriculture,15000,Bachelor,2
388,M,Agriculture,13000,Bachelor,2
389,F,Business Admin,25000,Bachelor,2
390,F,Agriculture,20000,Bachelor,2
391,M,Business Admin,23000,Bachelor,2
392,F,Engineering,30700,Bachelor,2
393,F,Business Admin,20000,Bachelor,2
394,M,Education,26000,Bachelor,2
395,F,Engineering,33000,Bachelor,2
396,M,Building_Construction,36400,Bachelor,2
397,M,Business Admin,19000,Bachelor,2
398,M,Business Admin,20000,Bachelor,2
399,F,Building_Construction,28100,Bachelor,2
400,F,Architecture,23200,Bachelor,2
401,F,Agriculture,20000,Bachelor,2
402,F,Architecture,12000,Bachelor,2
403,M,Agriculture,18000,Bachelor,2
404,F,Engineering,31500,Bachelor,2
405,M,Agriculture,16000,Bachelor,2
406,F,Business Admin,42000,Bachelor,2
407,F,Engineering,36400,Bachelor,2
408,M,Agriculture,20000,Bachelor,2
409,F,Agriculture,30000,Bachelor,2
410,M,Agriculture,20000,Bachelor,2
411,F,Business Admin,33500,Bachelor,2
412,F,Agriculture,15000,Bachelor,2
413,M,Agriculture,27000,Bachelor,2
414,F,Business Admin,27000,Bachelor,2
415,M,Business Admin,27000,Bachelor,2
416,F,Agriculture,17000,Bachelor,2
417,M,Agriculture,20000,Bachelor,2
418,F,Building_Construction,28000,Bachelor,2
419,M,Agriculture,17000,Bachelor,2
420,F,Building_Construction,27000,Bachelor,2
421,F,Engineering,8400,Bachelor,2
422,M,Agriculture,27900,Bachelor,2
423,F,Building_Construction,25000,Bachelor,2
424,F,Business Admin,17000,Bachelor,2
425,F,Engineering,36000,Bachelor,2
426,F,Engineering,27500,Bachelor,2
427,M,Agriculture,30000,Bachelor,2
428,F,Engineering,25500,Bachelor,2
429,F,Agriculture,16600,Bachelor,2
430,M,Business Admin,23000,Bachelor,2
431,M,Engineering,31400,Bachelor,2
432,F,Building_Construction,28600,Bachelor,2
433,M,Agriculture,30000,Bachelor,2
434,F,Engineering,26200,Bachelor,2
435,F,Engineering,26500,Bachelor,2
436,M,Agriculture,20000,Bachelor,2
437,M,Business Admin,26500,Bachelor,2
438,F,Agriculture,25000,Bachelor,2
439,M,Education,20000,Bachelor,2
440,F,Engineering,30400,Bachelor,2
441,M,Agriculture,21000,Bachelor,2
442,F,Engineering,31200,Bachelor,2
443,M,Agriculture,17000,Bachelor,2
444,F,Engineering,32200,Bachelor,2
445,M,Agriculture,13800,Bachelor,2
446,F,Agriculture,18000,Bachelor,2
447,M,Agriculture,25000,Bachelor,2
448,F,Building_Construction,31500,Bachelor,2
449,F,Engineering,29000,Bachelor,2
450,M,Agriculture,33400,Bachelor,2
451,F,Engineering,32200,Bachelor,2
452,F,Agriculture,32000,Bachelor,2
453,M,Agriculture,26000,Bachelor,2
454,F,Engineering,31300,Bachelor,2
455,F,Agriculture,17500,Bachelor,2
456,F,Architecture,20000,Bachelor,2
457,F,Building_Construction,30000,Bachelor,2
458,F,Agriculture,25000,Bachelor,2
459,F,Agriculture,52000,Bachelor,2
460,M,Agriculture,27000,Bachelor,2
461,F,Building_Construction,25500,Bachelor,2
462,F,Building_Construction,30000,Bachelor,2
463,M,Agriculture,26000,Bachelor,2
464,F,Engineering,35300,Bachelor,2
465,F,Agriculture,19000,Bachelor,2
466,F,Engineering,36000,Bachelor,2
467,M,Agriculture,10000,Bachelor,2
468,M,Agriculture,29200,Bachelor,2
469,M,Agriculture,24200,Bachelor,2
470,M,Agriculture,21100,Bachelor,2
471,M,Engineering,25000,Bachelor,2
472,F,Engineering,35400,Bachelor,2
473,F,Engineering,32700,Bachelor,2
474,M,Agriculture,12000,Bachelor,2
475,M,Agriculture,20000,Bachelor,2
476,F,Business Admin,30000,Bachelor,2
477,F,Business Admin,34000,Bachelor,2
478,M,Business Admin,25000,Bachelor,2
479,F,Business Admin,23000,Bachelor,2
480,F,Agriculture,21000,Bachelor,2
481,F,Business Admin,23000,Bachelor,2
482,M,Business Admin,20600,Bachelor,2
483,F,Engineering,28300,Bachelor,2
484,F,Engineering,33000,Bachelor,2
485,F,Engineering,23000,Bachelor,2
486,M,Agriculture,30000,Bachelor,2
487,F,Business Admin,29400,Bachelor,2
488,F,Agriculture,20000,Bachelor,2
489,M,Agriculture,20000,Bachelor,2
490,F,Agriculture,20000,Bachelor,2
491,M,Agriculture,30600,Bachelor,2
492,M,Agriculture,18500,Bachelor,2
493,M,Agriculture,22700,Bachelor,2
494,M,Agriculture,26500,Bachelor,2
495,M,Engineering,26000,Bachelor,2
496,M,Business Admin,24500,Bachelor,2
497,M,Agriculture,24100,Bachelor,2
498,M,Agriculture,20200,Bachelor,2
499,F,Engineering,26500,Bachelor,2
500,F,Building_Construction,28800,Bachelor,2
501,M,Agriculture,15000,Bachelor,2
502,F,Business Admin,23000,Bachelor,2
503,M,Business Admin,24000,Bachelor,2
504,F,Engineering,21200,Bachelor,2
505,M,Agriculture,27900,Bachelor,2
506,M,Business Admin,29000,Bachelor,2
507,M,Business Admin,25000,Bachelor,2
508,M,Business Admin,28000,Bachelor,2
509,M,Agriculture,30900,Bachelor,2
510,F,Engineering,32000,Bachelor,2
511,F,Business Admin,24000,Bachelor,2
512,F,Business Admin,29500,Bachelor,2
513,F,Engineering,31000,Bachelor,2
514,M,Engineering,26400,Bachelor,2
515,F,Engineering,32500,Bachelor,2
516,M,Business Admin,23000,Bachelor,2
517,M,Agriculture,11200,Bachelor,2
518,F,Engineering,34200,Bachelor,2
519,M,Business Admin,26000,Bachelor,2
520,M,Business Admin,26000,Bachelor,2
521,F,Agriculture,8000,Bachelor,2
522,F,Engineering,33000,Bachelor,2
523,M,Business Admin,28000,Bachelor,2
524,F,Agriculture,20000,Bachelor,2
525,F,Business Admin,27500,Bachelor,2
526,F,Engineering,32000,Bachelor,2
527,M,Business Admin,20500,Bachelor,2
528,M,Agriculture,32000,Bachelor,2
529,F,Business Admin,20000,Bachelor,2
530,M,Agriculture,16500,Bachelor,2
531,F,Business Admin,24000,Bachelor,2
532,F,Business Admin,22000,Bachelor,2
533,M,Agriculture,28000,Bachelor,2
534,M,Business Admin,19000,Bachelor,2
535,M,Engineering,34200,Bachelor,2
536,F,Engineering,29000,Bachelor,2
537,F,Agriculture,12000,Bachelor,2
538,M,Agriculture,24000,Bachelor,2
539,F,Business Admin,27800,Bachelor,2
540,F,Engineering,33500,Bachelor,2
541,F,Engineering,33000,Bachelor,2
542,F,Engineering,34000,Bachelor,2
543,M,Agriculture,20000,Bachelor,2
544,F,Building_Construction,27000,Bachelor,2
545,M,Agriculture,46000,Bachelor,2
546,M,Agriculture,39000,Bachelor,2
547,F,Agriculture,32000,Bachelor,2
548,F,Engineering,33200,Bachelor,2
549,M,Agriculture,29000,Bachelor,2
550,M,Engineering,36500,Bachelor,2
551,F,Engineering,32000,Bachelor,2
552,F,Engineering,33700,Bachelor,2
553,F,Business Admin,18000,Bachelor,2
554,F,Agriculture,28000,Bachelor,2
555,F,Building_Construction,29000,Bachelor,2
556,F,Engineering,26300,Bachelor,2
557,M,Agriculture,38000,Bachelor,2
558,M,Agriculture,17000,Bachelor,2
559,F,Building_Construction,28000,Bachelor,2
560,F,Agriculture,18000,Bachelor,2
561,M,Business Admin,29500,Bachelor,2
562,F,Business Admin,20000,Bachelor,2
563,F,Agriculture,24000,Bachelor,2
564,M,Agriculture,10800,Bachelor,2
565,F,Business Admin,22500,Bachelor,2
566,M,Education,22000,Bachelor,2
567,M,Business Admin,20600,Bachelor,2
568,F,Business Admin,65500,Bachelor,2
569,F,Business Admin,20500,Bachelor,2
570,F,Agriculture,19000,Bachelor,2
571,M,Architecture,17000,Bachelor,2
572,F,Engineering,31400,Bachelor,2
573,F,Building_Construction,28000,Bachelor,2
574,M,Agriculture,15000,Bachelor,2
575,F,Agriculture,27500,Bachelor,2
576,F,Agriculture,22300,Bachelor,2
577,F,Engineering,34800,Bachelor,2
578,M,Business Admin,25000,Bachelor,2
579,M,Agriculture,25000,Bachelor,2
580,F,Engineering,35700,Bachelor,2
581,M,Building_Construction,26500,Bachelor,2
582,M,Agriculture,25000,Bachelor,2
583,F,Engineering,31500,Bachelor,2
584,M,Agriculture,30000,Bachelor,2
585,F,Engineering,30200,Bachelor,2
586,F,Engineering,25000,Bachelor,2
587,M,Agriculture,20000,Bachelor,2
588,F,Business Admin,21000,Bachelor,2
589,F,Engineering,32700,Bachelor,2
590,M,Agriculture,13500,Bachelor,2
591,M,Agriculture,8400,Bachelor,2
592,F,Engineering,25000,Bachelor,2
593,F,Business Admin,28000,Bachelor,2
594,F,Business Admin,21000,Bachelor,2
595,M,Agriculture,30000,Bachelor,2
596,M,Agriculture,17000,Bachelor,2
597,M,Business Admin,28500,Bachelor,2
598,M,Business Admin,26000,Bachelor,2
599,M,Agriculture,24000,Bachelor,2
600,F,Agriculture,15000,Bachelor,2
601,F,Engineering,27800,Bachelor,2
602,M,Education,20000,Bachelor,2
603,M,Agriculture,39500,Bachelor,2
604,F,Agriculture,12500,Bachelor,2
605,F,Engineering,33900,Bachelor,2
606,M,Business Admin,28000,Bachelor,2
607,F,Engineering,26000,Bachelor,2
608,M,Business Admin,22500,Bachelor,2
609,M,Business Admin,20000,Bachelor,2
610,M,Agriculture,27500,Bachelor,2
611,M,Agriculture,24200,Bachelor,2
612,F,Business Admin,24500,Bachelor,2
613,M,Agriculture,29500,Bachelor,2
614,M,Agriculture,25000,Bachelor,2
615,M,Engineering,34200,Bachelor,2
616,M,Agriculture,23700,Bachelor,2
617,F,Agriculture,25700,Bachelor,2
618,F,Building_Construction,29000,Bachelor,2
619,F,Engineering,25200,Bachelor,2
620,F,Business Admin,24000,Bachelor,2
621,M,Agriculture,30300,Bachelor,2
622,M,Agriculture,20000,Bachelor,2
623,M,Agriculture,22000,Bachelor,2
624,M,Business Admin,20000,Bachelor,2
625,M,Business Admin,24000,Bachelor,2
626,M,Business Admin,28500,Bachelor,2
627,F,Engineering,21200,Bachelor,2
628,M,Agriculture,31600,Bachelor,2
629,F,Business Admin,27000,Bachelor,2
630,F,Business Admin,50000,Bachelor,2
631,F,Engineering,8600,Bachelor,2
632,F,Business Admin,28000,Bachelor,2
633,F,Engineering,28800,Bachelor,2
634,F,Business Admin,25000,Bachelor,2
635,M,Agriculture,21700,Bachelor,2
636,M,Business Admin,30000,Bachelor,2
637,F,Business Admin,25000,Bachelor,2
638,F,Agriculture,18000,Bachelor,2
639,M,Business Admin,21000,Bachelor,2
640,M,Education,11000,Bachelor,2
641,F,Business Admin,22000,Bachelor,2
642,M,Agriculture,26200,Bachelor,2
643,F,Engineering,34500,Bachelor,2
644,M,Agriculture,24000,Bachelor,2
645,F,Business Admin,20500,Bachelor,2
646,F,Agriculture,20000,Bachelor,2
647,F,Engineering,32100,Bachelor,2
648,F,Engineering,32600,Bachelor,2
649,F,Engineering,31500,Bachelor,2
650,M,Agriculture,9000,Bachelor,2
651,M,Agriculture,22000,Bachelor,2
652,M,Agriculture,24000,Bachelor,2
653,M,Engineering,33200,Bachelor,2
654,M,Agriculture,11500,Bachelor,3
655,F,Engineering,32500,Bachelor,3
656,M,Business Admin,29500,Bachelor,3
657,F,Engineering,32000,Bachelor,3
658,F,Business Admin,24500,Bachelor,3
659,M,Agriculture,25000,Bachelor,3
660,M,Business Admin,13000,Bachelor,3
661,M,Agriculture,20000,Bachelor,3
662,F,Engineering,31500,Bachelor,3
663,M,Agriculture,49000,Bachelor,3
664,M,Engineering,32600,Bachelor,3
665,F,Agriculture,21500,Bachelor,3
666,F,Agriculture,16000,Bachelor,3
667,M,Agriculture,21000,Bachelor,3
668,F,Business Admin,20000,Bachelor,3
669,F,Building_Construction,26300,Bachelor,3
670,M,Agriculture,30000,Bachelor,3
671,F,Agriculture,22300,Bachelor,3
672,F,Agriculture,17400,Bachelor,3
673,M,Agriculture,30000,Bachelor,3
674,M,Agriculture,31000,Bachelor,3
675,F,Business Admin,21000,Bachelor,3
676,M,Agriculture,27000,Bachelor,3
677,F,Building_Construction,17000,Bachelor,3
678,F,Business Admin,25000,Bachelor,3
679,F,Agriculture,20000,Bachelor,3
680,F,Business Admin,15000,Bachelor,3
681,F,Engineering,35000,Bachelor,3
682,M,Business Admin,21000,Bachelor,3
683,F,Business Admin,26200,Bachelor,3
684,M,Agriculture,38000,Bachelor,3
685,M,Business Admin,29000,Bachelor,3
686,F,Engineering,18000,Bachelor,3
687,F,Engineering,19000,Bachelor,3
688,F,Agriculture,40000,Bachelor,3
689,M,Agriculture,25000,Bachelor,3
690,F,Agriculture,31000,Bachelor,3
691,M,Business Admin,22500,Bachelor,3
692,F,Engineering,33700,Bachelor,3
693,M,Business Admin,20000,Bachelor,3
694,F,Business Admin,22800,Bachelor,3
695,F,Business Admin,30000,Bachelor,3
696,F,Business Admin,23000,Bachelor,3
697,F,Business Admin,28000,Bachelor,3
698,F,Business Admin,20000,Bachelor,3
699,F,Engineering,38400,Bachelor,3
700,M,Agriculture,37500,Bachelor,3
701,F,Engineering,38400,Bachelor,3
702,M,Engineering,31000,Bachelor,3
703,F,Business Admin,26000,Bachelor,3
704,M,Agriculture,15000,Bachelor,3
705,F,Agriculture,21000,Bachelor,3
706,F,Business Admin,25000,Bachelor,3
707,M,Agriculture,20000,Bachelor,3
708,F,Agriculture,22000,Bachelor,3
709,F,Agriculture,19200,Bachelor,3
710,M,Agriculture,26000,Bachelor,3
711,F,Agriculture,20500,Bachelor,3
712,M,Agriculture,23000,Bachelor,3
713,M,Business Admin,30000,Bachelor,3
714,F,Agriculture,31000,Bachelor,3
715,F,Business Admin,23500,Bachelor,3
716,F,Engineering,29300,Bachelor,3
717,F,Building_Construction,29500,Bachelor,3
718,M,Agriculture,31600,Bachelor,3
719,F,Engineering,26000,Bachelor,3
720,M,Agriculture,18000,Bachelor,3
721,M,Agriculture,24000,Bachelor,3
722,F,Agriculture,30000,Bachelor,3
723,M,Agriculture,17200,Bachelor,3
724,F,Engineering,18000,Bachelor,3
725,F,Building_Construction,28600,Bachelor,3
726,F,Engineering,35200,Bachelor,3
727,M,Business Admin,27000,Bachelor,3
728,M,Agriculture,26500,Bachelor,3
729,M,Agriculture,32000,Bachelor,3
730,F,Agriculture,31200,Bachelor,3
731,F,Business Admin,30000,Bachelor,3
732,M,Agriculture,30000,Bachelor,3
733,F,Engineering,32000,Bachelor,3
734,F,Business Admin,30000,Bachelor,3
735,M,Business Admin,29000,Bachelor,3
736,F,Engineering,37200,Bachelor,3
737,M,Agriculture,23000,Bachelor,3
738,M,Agriculture,21000,Bachelor,3
739,F,Agriculture,21000,Bachelor,3
740,F,Engineering,38200,Bachelor,3
741,M,Agriculture,40000,Bachelor,3
742,M,Business Admin,23000,Bachelor,3
743,F,Engineering,18900,Bachelor,3
744,M,Agriculture,12000,Bachelor,3
745,F,Building_Construction,31200,Bachelor,3
746,F,Engineering,22000,Bachelor,3
747,F,Engineering,37100,Bachelor,3
748,M,Agriculture,22000,Bachelor,3
749,M,Agriculture,27500,Bachelor,3
750,F,Business Admin,30000,Bachelor,3
751,M,Agriculture,34000,Bachelor,3
752,M,Business Admin,21000,Bachelor,3
753,M,Agriculture,40000,Bachelor,3
754,M,Agriculture,29000,Bachelor,3
755,F,Agriculture,40000,Bachelor,3
756,M,Business Admin,20000,Bachelor,3
757,F,Business Admin,29000,Bachelor,3
758,F,Building_Construction,32100,Bachelor,3
759,F,Agriculture,21100,Bachelor,3
760,F,Engineering,34900,Bachelor,3
761,F,Engineering,26000,Bachelor,3
762,M,Business Admin,18000,Bachelor,3
763,M,Business Admin,26000,Bachelor,3
764,F,Business Admin,25000,Bachelor,3
765,F,Business Admin,60000,Bachelor,3
766,F,Business Admin,29400,Bachelor,3
767,M,Business Admin,23000,Bachelor,3
768,F,Agriculture,35000,Bachelor,3
769,F,Business Admin,29000,Bachelor,3
770,M,Agriculture,32000,Bachelor,3
771,F,Engineering,34300,Bachelor,3
772,F,Business Admin,25000,Bachelor,3
773,F,Business Admin,20000,Bachelor,3
774,F,Engineering,32000,Bachelor,3
775,M,Engineering,33800,Bachelor,3
776,F,Engineering,27200,Bachelor,3
777,F,Business Admin,25000,Bachelor,3
778,M,Agriculture,20000,Bachelor,3
779,F,Engineering,33000,Bachelor,3
780,M,Business Admin,23000,Bachelor,3
781,M,Business Admin,22000,Bachelor,3
782,M,Engineering,35900,Bachelor,3
783,M,Agriculture,10000,Bachelor,3
784,F,Building_Construction,29000,Bachelor,3
785,M,Business Admin,19500,Bachelor,3
786,M,Agriculture,20000,Bachelor,3
787,F,Engineering,30000,Bachelor,3
788,F,Engineering,40000,Bachelor,3
789,F,Engineering,34200,Bachelor,3
790,M,Agriculture,28000,Bachelor,3
791,M,Business Admin,20000,Bachelor,3
792,F,Engineering,34500,Bachelor,3
793,M,Agriculture,15000,Bachelor,3
794,F,Agriculture,22000,Bachelor,3
795,F,Agriculture,30000,Bachelor,3
796,M,Business Admin,23000,Bachelor,3
797,M,Agriculture,17000,Bachelor,3
798,M,Engineering,33600,Bachelor,3
799,M,Agriculture,17900,Bachelor,3
800,F,Business Admin,42000,Bachelor,3
801,F,Engineering,31100,Bachelor,3
802,F,Agriculture,23000,Bachelor,3
803,F,Business Admin,28500,Bachelor,3
804,F,Engineering,31600,Bachelor,3
805,F,Business Admin,23500,Bachelor,3
806,M,Agriculture,16000,Bachelor,3
807,F,Business Admin,26400,Bachelor,3
808,F,Business Admin,21000,Bachelor,3
809,F,Business Admin,20000,Bachelor,3
810,F,Business Admin,27500,Bachelor,3
811,F,Business Admin,32800,Bachelor,3
812,M,Agriculture,16600,Bachelor,3
813,M,Agriculture,30000,Bachelor,3
814,F,Business Admin,23000,Bachelor,3
815,F,Agriculture,17000,Bachelor,3
816,M,Business Admin,20000,Bachelor,3
817,M,Education,20000,Bachelor,3
818,M,Business Admin,20000,Bachelor,3
819,M,Agriculture,19000,Bachelor,3
820,F,Engineering,26000,Bachelor,3
821,F,Business Admin,21000,Bachelor,3
822,M,Engineering,34100,Bachelor,3
823,F,Engineering,31800,Bachelor,3
824,M,Business Admin,24000,Bachelor,3
825,M,Business Admin,23000,Bachelor,3
826,F,Business Admin,24000,Bachelor,3
827,F,Business Admin,21700,Bachelor,3
828,F,Business Admin,25500,Bachelor,3
829,F,Business Admin,27000,Bachelor,3
830,M,Business Admin,23000,Bachelor,3
831,F,Business Admin,20000,Bachelor,3
832,F,Agriculture,20000,Bachelor,3
833,F,Business Admin,24000,Bachelor,3
834,F,Engineering,26000,Bachelor,3
835,F,Building_Construction,42000,Bachelor,3
836,F,Business Admin,23000,Bachelor,3
837,F,Business Admin,20000,Bachelor,3
838,F,Engineering,28000,Bachelor,3
839,M,Business Admin,21000,Bachelor,3
840,F,Business Admin,27000,Bachelor,3
841,F,Business Admin,30200,Bachelor,3
842,F,Agriculture,18000,Bachelor,3
843,M,Business Admin,31500,Bachelor,3
844,M,Business Admin,18000,Bachelor,3
845,F,Business Admin,17000,Bachelor,3
846,M,Agriculture,21000,Bachelor,3
847,M,Agriculture,20000,Bachelor,3
848,F,Business Admin,26500,Bachelor,3
849,M,Business Admin,29500,Bachelor,3
850,M,Business Admin,20000,Bachelor,3
851,M,Agriculture,27000,Bachelor,3
852,M,Business Admin,23000,Bachelor,3
853,F,Engineering,32000,Bachelor,3
854,F,Business Admin,20000,Bachelor,3
855,F,Business Admin,20000,Bachelor,3
856,F,Engineering,32900,Bachelor,3
857,M,Education,21000,Bachelor,3
858,F,Business Admin,25000,Bachelor,3
859,M,Engineering,34200,Bachelor,3
860,F,Engineering,33700,Bachelor,3
861,F,Engineering,22000,Bachelor,3
862,F,Business Admin,26500,Bachelor,3
863,M,Agriculture,21000,Bachelor,3
864,M,Engineering,32500,Bachelor,3
865,F,Engineering,34500,Bachelor,3
866,M,Business Admin,23000,Bachelor,3
867,M,Business Admin,24000,Bachelor,3
868,F,Business Admin,20000,Bachelor,3
869,M,Agriculture,16500,Bachelor,3
870,F,Agriculture,33800,Bachelor,3
871,F,Business Admin,28000,Bachelor,3
872,M,Agriculture,15600,Bachelor,3
873,F,Agriculture,26000,Bachelor,3
874,F,Engineering,33700,Bachelor,3
875,M,Business Admin,30800,Bachelor,3
876,M,Agriculture,27500,Bachelor,3
877,F,Business Admin,29000,Bachelor,3
878,F,Engineering,22000,Bachelor,4
879,F,Engineering,34500,Bachelor,4
880,F,Engineering,30000,Bachelor,4
881,M,Agriculture,35300,Bachelor,4
882,F,Business Admin,28500,Bachelor,4
883,F,Agriculture,22000,Bachelor,4
884,F,Agriculture,18000,Bachelor,4
885,F,Business Admin,23000,Bachelor,4
886,M,Agriculture,33000,Bachelor,4
887,M,Agriculture,24000,Bachelor,4
888,F,Business Admin,20000,Bachelor,4
889,F,Building_Construction,27000,Bachelor,4
890,F,Building_Construction,26000,Bachelor,4
891,F,Agriculture,30000,Bachelor,4
892,F,Agriculture,20000,Bachelor,4
893,M,Agriculture,25000,Bachelor,4
894,M,Agriculture,27500,Bachelor,4
895,M,Engineering,30000,Bachelor,4
896,F,Engineering,27400,Bachelor,4
897,F,Agriculture,18000,Bachelor,4
898,F,Engineering,38000,Bachelor,4
899,F,Agriculture,25000,Bachelor,4
900,F,Engineering,23100,Bachelor,4
901,F,Business Admin,22400,Bachelor,4
902,F,Engineering,38000,Bachelor,4
903,F,Engineering,35900,Bachelor,4
904,M,Agriculture,21000,Bachelor,4
905,M,Agriculture,26000,Bachelor,4
906,F,Engineering,33000,Bachelor,4
907,F,Engineering,23000,Bachelor,4
908,F,Engineering,26500,Bachelor,4
909,M,Engineering,31200,Bachelor,4
910,M,Business Admin,22000,Bachelor,4
911,F,Agriculture,28000,Bachelor,4
912,M,Agriculture,25000,Bachelor,4
913,M,Agriculture,23000,Bachelor,4
914,M,Agriculture,31000,Bachelor,4
915,F,Agriculture,51500,Bachelor,4
916,F,Agriculture,20000,Bachelor,4
917,F,Agriculture,31000,Bachelor,4
918,M,Agriculture,12000,Bachelor,4
919,F,Agriculture,18000,Bachelor,4
920,M,Agriculture,25000,Bachelor,4
921,M,Agriculture,20000,Bachelor,4
922,M,Agriculture,29100,Bachelor,4
923,M,Agriculture,17500,Bachelor,4
924,F,Agriculture,19500,Bachelor,4
925,M,Agriculture,48000,Bachelor,4
926,F,Engineering,36700,Bachelor,4
927,F,Agriculture,12000,Bachelor,4
928,M,Agriculture,33000,Bachelor,4
929,M,Business Admin,24600,Bachelor,4
930,F,Architecture,35000,Bachelor,4
931,F,Business Admin,20000,Bachelor,4
932,F,Engineering,41500,Bachelor,4
933,M,Agriculture,21000,Bachelor,4
934,M,Agriculture,18000,Bachelor,4
935,F,Engineering,27300,Bachelor,4
936,F,Engineering,35500,Bachelor,4
937,F,Business Admin,31500,Bachelor,4
938,M,Business Admin,24000,Bachelor,4
939,F,Engineering,37500,Bachelor,4
940,M,Agriculture,25000,Bachelor,4
941,F,Architecture,20000,Bachelor,4
942,F,Business Admin,23000,Bachelor,4
943,F,Engineering,30000,Bachelor,4
944,F,Engineering,32000,Bachelor,4
945,M,Engineering,33000,Bachelor,4
946,F,Agriculture,27000,Bachelor,4
947,F,Engineering,36200,Bachelor,4
948,F,Agriculture,22000,Bachelor,4
949,F,Engineering,27000,Bachelor,4
950,F,Business Admin,26500,Bachelor,4
951,M,Agriculture,23000,Bachelor,4
952,F,Agriculture,10400,Bachelor,4
953,F,Engineering,30000,Bachelor,4
954,M,Agriculture,22000,Bachelor,4
955,F,Engineering,26000,Bachelor,4
956,F,Engineering,38800,Bachelor,4
957,F,Business Admin,23500,Bachelor,4
958,M,Agriculture,21000,Bachelor,4
959,M,Agriculture,20000,Bachelor,4
960,M,Agriculture,12200,Bachelor,4
961,M,Business Admin,20000,Bachelor,4
962,M,Agriculture,33000,Bachelor,4
963,M,Agriculture,25000,Bachelor,4
964,F,Engineering,25000,Bachelor,4
965,F,Building_Construction,24000,Bachelor,4
966,F,Engineering,34200,Bachelor,4
967,M,Agriculture,52000,Bachelor,4
968,F,Engineering,35000,Bachelor,4
969,F,Engineering,30000,Bachelor,4
970,M,Agriculture,7200,Bachelor,4
971,F,Agriculture,17000,Bachelor,4
972,M,Agriculture,24000,Bachelor,4
973,F,Business Admin,25000,Bachelor,4
974,F,Engineering,36000,Bachelor,4
975,F,Agriculture,20000,Bachelor,4
976,F,Agriculture,43000,Bachelor,4
977,M,Agriculture,28000,Bachelor,4
978,M,Business Admin,24000,Bachelor,4
979,M,Agriculture,30000,Bachelor,4
980,M,Agriculture,30000,Bachelor,4
981,M,Agriculture,26400,Bachelor,4
982,F,Architecture,22000,Bachelor,4
983,M,Agriculture,24000,Bachelor,4
984,F,Building_Construction,33800,Bachelor,4
985,M,Agriculture,35000,Bachelor,4
986,M,Business Admin,20000,Bachelor,4
987,F,Fine Arts,26000,Bachelor,4
988,M,Agriculture,36000,Bachelor,4
989,F,Business Admin,21000,Bachelor,4
990,M,Agriculture,26000,Bachelor,4
991,F,Business Admin,29600,Bachelor,4
992,M,Business Admin,26000,Bachelor,4
993,M,Agriculture,26000,Bachelor,4
994,M,Agriculture,26000,Bachelor,4
995,M,Engineering,34500,Bachelor,4
996,F,Engineering,34000,Bachelor,4
997,M,Business Admin,24000,Bachelor,4
998,M,Agriculture,18000,Bachelor,4
999,M,Business Admin,26000,Bachelor,4
1000,F,Engineering,27000,Bachelor,4
1001,M,Agriculture,27000,Bachelor,4
1002,M,Agriculture,38000,Bachelor,4
1003,F,Agriculture,43000,Bachelor,4
1004,M,Agriculture,32000,Bachelor,4
1005,F,Engineering,38300,Bachelor,4
1006,F,Agriculture,32000,Bachelor,4
1007,M,Agriculture,51000,Bachelor,4
1008,M,Agriculture,45000,Bachelor,4
1009,F,Business Admin,25000,Bachelor,4
1010,M,Agriculture,23000,Bachelor,4
1011,M,Agriculture,26000,Bachelor,4
1012,F,Business Admin,23000,Bachelor,4
1013,M,Agriculture,17000,Bachelor,4
1014,F,Business Admin,19000,Bachelor,4
1015,F,Agriculture,33000,Bachelor,4
1016,M,Business Admin,18000,Bachelor,4
1017,M,Business Admin,31600,Bachelor,4
1018,F,Business Admin,30000,Bachelor,4
1019,F,Agriculture,22000,Bachelor,4
1020,F,Engineering,40500,Bachelor,4
1021,M,Engineering,32000,Bachelor,4
1022,M,Agriculture,13000,Bachelor,4
1023,M,Engineering,35200,Bachelor,4
1024,F,Building_Construction,27500,Bachelor,4
1025,F,Agriculture,24000,Bachelor,4
1026,M,Business Admin,26000,Bachelor,4
1027,M,Agriculture,24400,Bachelor,4
1028,F,Business Admin,23000,Bachelor,4
1029,F,Building_Construction,26500,Bachelor,4
1030,F,Business Admin,23000,Bachelor,4
1031,M,Agriculture,26000,Bachelor,4
1032,F,Engineering,22700,Bachelor,4
1033,F,Business Admin,22500,Bachelor,4
1034,M,Business Admin,30000,Bachelor,4
1035,M,Agriculture,9000,Bachelor,4
1036,F,Agriculture,27000,Bachelor,4
1037,M,Agriculture,35000,Bachelor,4
1038,M,Agriculture,26000,Bachelor,4
1039,F,Engineering,21900,Bachelor,4
1040,M,Agriculture,26000,Bachelor,4
1041,F,Business Admin,30000,Bachelor,4
1042,F,Engineering,33000,Bachelor,4
1043,F,Engineering,40400,Bachelor,4
1044,M,Agriculture,31700,Bachelor,4
1045,M,Agriculture,20000,Bachelor,4
1046,F,Engineering,37000,Bachelor,4
1047,F,Engineering,30000,Bachelor,4
1048,F,Engineering,36500,Bachelor,4
1049,M,Business Admin,23000,Bachelor,4
1050,F,Agriculture,21000,Bachelor,4
1051,M,Agriculture,19000,Bachelor,4
1052,M,Agriculture,30000,Bachelor,4
1053,F,Agriculture,18000,Bachelor,4
1054,F,Engineering,38400,Bachelor,4
1055,F,Business Admin,20000,Bachelor,4
1056,F,Engineering,24000,Bachelor,4
1057,M,Engineering,34000,Bachelor,4
1058,M,Business Admin,26000,Bachelor,4
1059,M,Agriculture,23500,Bachelor,4
1060,M,Business Admin,21000,Bachelor,4
1061,F,Business Admin,28000,Bachelor,4
1062,F,Engineering,35500,Bachelor,4
1063,F,Engineering,20000,Bachelor,4
1064,F,Business Admin,30000,Bachelor,4
1065,M,Agriculture,30000,Bachelor,4
1066,M,Engineering,34000,Bachelor,4
1067,F,Agriculture,33000,Bachelor,4
1068,M,Agriculture,27000,Bachelor,4
1069,M,Business Admin,27000,Bachelor,4
1070,F,Engineering,33000,Bachelor,4
1071,F,Business Admin,30200,Bachelor,4
1072,M,Business Admin,21500,Bachelor,4
1073,M,Business Admin,23500,Bachelor,4
1074,F,Agriculture,13000,Bachelor,4
1075,M,Agriculture,33000,Bachelor,4
1076,F,Business Admin,28000,Bachelor,4
1077,F,Engineering,35800,Bachelor,4
1078,F,Agriculture,23000,Bachelor,4
1079,F,Business Admin,25500,Bachelor,4
1080,F,Agriculture,22500,Bachelor,4
1081,M,Agriculture,15400,Bachelor,4
1082,M,Agriculture,24000,Bachelor,4
1083,M,Agriculture,27000,Bachelor,4
1084,M,Agriculture,25000,Bachelor,4
1085,M,Agriculture,21000,Bachelor,4
1086,F,Business Admin,33000,Bachelor,4
1087,F,Business Admin,23000,Bachelor,4
1088,F,Agriculture,35000,Bachelor,4
1089,M,Agriculture,8000,Bachelor,4
1090,M,Agriculture,21000,Bachelor,4
1091,M,Agriculture,19500,Bachelor,4
1092,M,Business Admin,22000,Bachelor,4
1093,M,Agriculture,20000,Bachelor,4
1094,F,Agriculture,24000,Bachelor,4
1095,F,Agriculture,13500,Bachelor,4
1096,M,Business Admin,28700,Bachelor,4
1097,F,Agriculture,15000,Bachelor,4
1098,M,Education,17000,Bachelor,4
1099,M,Agriculture,20000,Bachelor,4
1100,M,Business Admin,28000,Bachelor,4
